,human,mouse,zebrafish,drosophila,c.elegans,ciliate,yeast,methanocaldococcus,thermococcus,e.coli,tuberculosis
H2A,204.2025246691928,203.59507220973774,187.05757394282745,155.51452982147077,149.7503262873398,130.15878834784598,144.46402435753618,7.619066430169753,5.809142990314028,-0.26236426446749106,0.7985076962177716
H2B,201.60503725577348,201.95965881090038,190.49398623078068,137.14350466796427,150.18219556964448,115.90144503760268,138.14515524878956,-0.5306282510621704,-0.1823215567939546,-0.47000362924573563,-0.8329091229351039
H3,220.2642673836,220.61638651100284,218.1746042878486,218.80852363420823,214.94784997540833,195.89289652350308,199.127954901093,3.3813947543659757,2.864704011147587,0.10536051565782628,-1.5260563034950492
H4,154.18702353436,154.54763807630283,156.45356869087087,154.4938479017167,154.75933424177668,102.94338471148963,119.65746379455425,9.40635525590214,10.315977275581258,-0.26236426446749106,2.6736487743848776
CENPC,690.7755278982137,690.7755278982137,8.135337948947207,-1.4586150226995167,4.074541934925921,-0.26236426446749106,2.6882475738060303,-1.3609765531356006,-1.667706820558076,1.0216512475319814,0.8209805520698302
